Workbook

Sheet Deliveries
A1: DeliveryID | B1: DeliveryDate | C1: Region | D1: ServiceType | E1: Weight_kg | F1: DeliveryFee | G1: DeliveryTime_mins | H1: CustomerRating | I1: ReviewFlag
A2: D001 | B2: 45663 | C2: Nebula North | D2: Standard | E2: 2.5 | F2: 10 | G2: 145 | H2: 3 | I2: =IF(H2<4,"Review","Good")
A3: D043 | B3: 45664 | C3: Asteroid East | D3: Express | E3: 6 | F3: 32 | G3: 75 | H3: 4 | I3: =IF(H3<4,"Review","Good")
A4: D019 | B4: 45667 | C4: Solar South | D4: Standard | E4: 2 | F4: 11 | G4: 130 | H4: 4 | I4: =IF(H4<4,"Review","Good")
A5: D037 | B5: 45668 | C5: Asteroid East | D5: Standard | E5: 3 | F5: 11 | G5: 155 | H5: 3 | I5: =IF(H5<4,"Review","Good")
A6: D007 | B6: 45671 | C6: Nebula North | D6: Express | E6: 4 | F6: 26 | G6: 75 | H6: 4 | I6: =IF(H6<4,"Review","Good")
A7: D013 | B7: 45672 | C7: Nebula North | D7: Priority | E7: 3 | F7: 42 | G7: 30 | H7: 5 | I7: =IF(H7<4,"Review","Good")
A8: D055 | B8: 45673 | C8: Warp West | D8: Standard | E8: 2 | F8: 9 | G8: 150 | H8: 2 | I8: =IF(H8<4,"Review","Good")
A9: D025 | B9: 45676 | C9: Solar South | D9: Express | E9: 5 | F9: 32 | G9: 60 | H9: 5 | I9: =IF(H9<4,"Review","Good")
A10: D061 | B10: 45678 | C10: Warp West | D10: Express | E10: 5 | F10: 25 | G10: 85 | H10: 2 | I10: =IF(H10<4,"Review","Good")
A11: D049 | B11: 45679 | C11: Asteroid East | D11: Priority | E11: 5 | F11: 50 | G11: 30 | H11: 4 | I11: =IF(H11<4,"Review","Good")
A12: D067 | B12: 45684 | C12: Warp West | D12: Priority | E12: 4 | F12: 40 | G12: 40 | H12: 3 | I12: =IF(H12<4,"Review","Good")
A13: D031 | B13: 45685 | C13: Solar South | D13: Priority | E13: 4 | F13: 52 | G13: 25 | H13: 5 | I13: =IF(H13<4,"Review","Good")
... A73: D066 | B73: 45832 | C73: Warp West | D73: Express | E73: 9 | F73: 32 | G73: 70 | H73: 3 | I73: =IF(H73<4,"Review","Good")

Sheet Analysis
A1: WORKBOOK 1 — ANALYSIS SHEET (COMPLETE)
A3: PART 1: Summary Statistics
A5: Total DeliveryFee (£) | B5: =SUM(Deliveries!F2:F73)
A6: Total Weight_kg | B6: =SUM(Deliveries!E2:E73)
A7: Number of Deliveries | B7: =COUNT(Deliveries!A2:A73)
A8: Average DeliveryFee (£) | B8: =AVERAGE(Deliveries!F2:F73)
A9: Average CustomerRating | B9: =AVERAGE(Deliveries!H2:H73)
A10: Lowest DeliveryFee (£) | B10: =MIN(Deliveries!F2:F73)
A11: Highest DeliveryFee (£) | B11: =MAX(Deliveries!F2:F73)
A12: Lightest Parcel (kg) | B12: =MIN(Deliveries!E2:E73)
A13: Heaviest Parcel (kg) | B13: =MAX(Deliveries!E2:E73)
A15: PART 2: Region Analysis
A17: Region | B17: Count | C17: Total Fee £ | D17: Avg Fee £
A18: Nebula North | B18: =COUNTIF(Deliveries!C2:C73,"Nebula North") | C18: =SUMIF(Deliveries!C2:C73,"Nebula North",Deliveries!F2:F73) | D18: =AVERAGEIF(Deliveries!C2:C73,"Nebula North",Deliveries!F2:F73)
A19: Solar South | B19: =COUNTIF(Deliveries!C2:C73,"Solar South") | C19: =SUMIF(Deliveries!C2:C73,"Solar South",Deliveries!F2:F73) | D19: =AVERAGEIF(Deliveries!C2:C73,"Solar South",Deliveries!F2:F73)
A20: Asteroid East | B20: =COUNTIF(Deliveries!C2:C73,"Asteroid East") | C20: =SUMIF(Deliveries!C2:C73,"Asteroid East",Deliveries!F2:F73) | D20: =AVERAGEIF(Deliveries!C2:C73,"Asteroid East",Deliveries!F2:F73)
A21: Warp West | B21: =COUNTIF(Deliveries!C2:C73,"Warp West") | C21: =SUMIF(Deliveries!C2:C73,"Warp West",Deliveries!F2:F73) | D21: =AVERAGEIF(Deliveries!C2:C73,"Warp West",Deliveries!F2:F73)
A23: PART 3: Service Type Analysis
A25: ServiceType | B25: Count | C25: Total Fee £ | D25: Avg Fee £
A26: Standard | B26: =COUNTIF(Deliveries!D2:D73,"Standard") | C26: =SUMIF(Deliveries!D2:D73,"Standard",Deliveries!F2:F73) | D26: =AVERAGEIF(Deliveries!D2:D73,"Standard",Deliveries!F2:F73)
A27: Express | B27: =COUNTIF(Deliveries!D2:D73,"Express") | C27: =SUMIF(Deliveries!D2:D73,"Express",Deliveries!F2:F73) | D27: =AVERAGEIF(Deliveries!D2:D73,"Express",Deliveries!F2:F73)
A28: Priority | B28: =COUNTIF(Deliveries!D2:D73,"Priority") | C28: =SUMIF(Deliveries!D2:D73,"Priority",Deliveries!F2:F73) | D28: =AVERAGEIF(Deliveries!D2:D73,"Priority",Deliveries!F2:F73)
A30: PART 4: Multi-Condition Analysis
A32: Region | B32: ServiceType | C32: Count | D32: Total Fee £ | E32: Avg Fee £
A33: Solar South | B33: Priority | C33: =COUNTIFS(Deliveries!C2:C73,"Solar South",Deliveries!D2:D73,"Priority") | D33: =SUMIFS(Deliveries!F2:F73,Deliveries!C2:C73,"Solar South",Deliveries!D2:D73,"Priority") | E33: =AVERAGEIFS(Deliveries!F2:F73,Deliveries!C2:C73,"Solar South",Deliveries!D2:D73,"Priority")
A34: Warp West | B34: Standard | C34: =COUNTIFS(Deliveries!C2:C73,"Warp West",Deliveries!D2:D73,"Standard") | D34: =SUMIFS(Deliveries!F2:F73,Deliveries!C2:C73,"Warp West",Deliveries!D2:D73,"Standard") | E34: =AVERAGEIFS(Deliveries!F2:F73,Deliveries!C2:C73,"Warp West",Deliveries!D2:D73,"Standard")
A35: Nebula North | B35: Express | C35: =COUNTIFS(Deliveries!C2:C73,"Nebula North",Deliveries!D2:D73,"Express") | D35: =SUMIFS(Deliveries!F2:F73,Deliveries!C2:C73,"Nebula North",Deliveries!D2:D73,"Express") | E35: =AVERAGEIFS(Deliveries!F2:F73,Deliveries!C2:C73,"Nebula North",Deliveries!D2:D73,"Express")
A36: Asteroid East | B36: Priority | C36: =COUNTIFS(Deliveries!C2:C73,"Asteroid East",Deliveries!D2:D73,"Priority") | D36: =SUMIFS(Deliveries!F2:F73,Deliveries!C2:C73,"Asteroid East",Deliveries!D2:D73,"Priority") | E36: =AVERAGEIFS(Deliveries!F2:F73,Deliveries!C2:C73,"Asteroid East",Deliveries!D2:D73,"Priority")
A38: PART 5: Review Flag Count
A40: Count of 'Good' (Rating ≥ 4) | B40: =COUNTIF(Deliveries!I2:I73,"Good")
A41: Count of 'Review' (Rating < 4) | B41: =COUNTIF(Deliveries!I2:I73,"Review")

Sheet PivotWork
A1: WORKBOOK 2 — PIVOT WORK (COMPLETE)
A3: PIVOT SUMMARY: Region vs Total DeliveryFee
A4: (This table mirrors your Pivot Table. Your Pivot Table should show the same totals.)
A6: Region | B6: Total DeliveryFee £ | C6: Count of Deliveries | D6: Avg DeliveryFee £
A7: Nebula North | B7: 618 | C7: 18 | D7: 34.33
A8: Solar South | B8: 749 | C8: 18 | D8: 41.61
A9: Asteroid East | B9: 716 | C9: 18 | D9: 39.78
A10: Warp West | B10: 570 | C10: 18 | D10: 31.67
A11: Grand Total | B11: 2653 | C11: 72 | D11: 36.85
A13: PIVOT SUMMARY: ServiceType vs Total DeliveryFee
A15: ServiceType | B15: Total DeliveryFee £ | C15: Count | D15: Avg Fee £
A16: Standard | B16: 340 | C16: 24 | D16: 14.17
A17: Express | B17: 872 | C17: 24 | D17: 36.33
A18: Priority | B18: 1441 | C18: 24 | D18: 60.04
A19: Grand Total | B19: 2653 | C19: 72 | D19: 36.85
A21: MONTHLY SUMMARY: DeliveryFee by Month
A22: (Use your Timeline to filter this in your Pivot Table)
A24: Month | B24: Total DeliveryFee £ | C24: Count
A25: Jan 2025 | B25: 340 | C25: 12
A26: Feb 2025 | B26: 425 | C26: 12
A27: Mar 2025 | B27: 468 | C27: 12
A28: Apr 2025 | B28: 433 | C28: 12
A29: May 2025 | B29: 457 | C29: 12
A30: Jun 2025 | B30: 530 | C30: 12
A31: Total | B31: 2653 | C31: 72
A33: KEY INSIGHT NOTE
A34: Solar South generated the highest total delivery fees (£749).
A35: Warp West generated the lowest total delivery fees (£570).
A36: Priority deliveries accounted for £1,441 — more than Standard and Express combined.
A37: June 2025 was the highest-revenue month (£530). January was the lowest (£340).

Sheet Dashboard
A1: COSMO COURIER CO. — DELIVERY PERFORMANCE DASHBOARD
A3: Jan to Jun 2025 | All Regions | All Service Types
A5: Total Deliveries | C5: Best Region: Solar South | E5: Overall Avg Fee
A6: 72 | C6: £749 total fees | E6: £36.85
A7: Card 2 — Best Region + Total:
A8: Revenue by Region
A9: Region | B9: Total Fee | C9: Avg Fee
A10: Nebula North | B10: 618 | C10: 34.33
A11: Solar South | B11: 749 | C11: 41.61
A12: Asteroid East | B12: 716 | C12: 39.78
A13: Warp West | B13: 570 | C13: 31.67
A15: Trendline: Weight_kg vs DeliveryFee
A16: Equation: y = 2.80x + 13.64
A17: R-squared: 0.34 — Moderate. Weight explains 34% of fee variation.
A19: INTERPRETATION
A20: Solar South is the top revenue region (£749). Warp West is the lowest (£570) and has the worst customer ratings.
A21: Priority service generates £1,441 — over half of all revenue (54%).
A22: Revenue grew from Jan (£340) to Jun (£530), showing strong demand growth over the period.
A23: Heavier parcels cost more to deliver (y=2.80x+13.64), but R²=0.34 means service type also matters significantly.

Sheet ScatterData
A1: SCATTER CHART DATA — Weight_kg vs DeliveryFee
A2: Weight_kg | B2: DeliveryFee
A3: 2.5 | B3: 10
A4: 6 | B4: 32
A5: 2 | B5: 11
A6: 3 | B6: 11
A7: 4 | B7: 26
A8: 3 | B8: 42
A9: 2 | B9: 9
A10: 5 | B10: 32
A11: 5 | B11: 25
A12: 5 | B12: 50
A13: 4 | B13: 40
A14: 4 | B14: 52
... A74: 9 | B74: 32
