Workbook

Sheet Data
A1: Orbit Express Delivery Ltd — Delivery Orders (Jan–Sep 2024)
A2: OrderID | B2: OrderDate | C2: DeliveryRoute | D2: ParcelType | E2: CourierName | F2: ParcelWeight_kg | G2: DeliveryDistance_AU | H2: BaseCost_credits | I2: FuelSurcharge_credits | J2: TotalRevenue_credits | K2: DeliveryTime_hours | L2: CustomerRating | M2: OnTimeDelivery | N2: ReviewFlag
A3: ORB-001 | B3: 45292 | C3: Red Dwarf Run | D3: Oversized | E3: Lyra Stardust | F3: 0.6 | G3: 54 | H3: 80 | I3: 103 | J3: 183 | K3: 13.7 | L3: 3.7 | M3: Yes | N3: =IF(L3<3.5,"Review","OK") -> OK
A4: ORB-002 | B4: 45295 | C4: Red Dwarf Run | D4: Standard | E4: Max Quasar | F4: 20.6 | G4: 65 | H4: 256 | I4: 52 | J4: 308 | K4: 17.3 | L4: 3.6 | M4: Yes | N4: =IF(L4<3.5,"Review","OK") -> OK
A5: ORB-003 | B5: 45299 | C5: Red Dwarf Run | D5: Express | E5: Max Quasar | F5: 10.8 | G5: 33 | H5: 164 | I5: 106 | J5: 270 | K5: 10 | L5: 4 | M5: Yes | N5: =IF(L5<3.5,"Review","OK") -> OK
A6: ORB-004 | B6: 45300 | C6: Nebula Dash | D6: Express | E6: Bip-9000 | F6: 3.2 | G6: 77 | H6: 115 | I6: 142 | J6: 257 | K6: 19.4 | L6: 3.2 | M6: No | N6: =IF(L6<3.5,"Review","OK") -> Review
A7: ORB-005 | B7: 45312 | C7: Solar Circuit | D7: Express | E7: Max Quasar | F7: 3.2 | G7: 47 | H7: 80 | I7: 118 | J7: 198 | K7: 11.6 | L7: 3.9 | M7: Yes | N7: =IF(L7<3.5,"Review","OK") -> OK
A8: ORB-006 | B8: 45315 | C8: Solar Circuit | D8: Fragile | E8: Zara Comet | F8: 32.6 | G8: 30 | H8: 280 | I8: 64 | J8: 344 | K8: 8.8 | L8: 2.9 | M8: No | N8: =IF(L8<3.5,"Review","OK") -> Review
A9: ORB-007 | B9: 45326 | C9: Asteroid Express | D9: Express | E9: Zara Comet | F9: 28 | G9: 6 | H9: 182 | I9: 85 | J9: 267 | K9: 4.2 | L9: 4.3 | M9: Yes | N9: =IF(L9<3.5,"Review","OK") -> OK
A10: ORB-008 | B10: 45327 | C10: Nebula Dash | D10: Standard | E10: Max Quasar | F10: 25.3 | G10: 56 | H10: 372 | I10: 45 | J10: 417 | K10: 13.9 | L10: 3.6 | M10: Yes | N10: =IF(L10<3.5,"Review","OK") -> OK
A11: ORB-009 | B11: 45330 | C11: Nebula Dash | D11: Fragile | E11: Lyra Stardust | F11: 19.3 | G11: 82 | H11: 302 | I11: 106 | J11: 408 | K11: 21 | L11: 4 | M11: Yes | N11: =IF(L11<3.5,"Review","OK") -> OK
A12: ORB-010 | B12: 45344 | C12: Solar Circuit | D12: Standard | E12: Zara Comet | F12: 44.9 | G12: 15 | H12: 367 | I12: 12 | J12: 379 | K12: 5.7 | L12: 3.2 | M12: No | N12: =IF(L12<3.5,"Review","OK") -> Review
A13: ORB-011 | B13: 45346 | C13: Blue Giant Loop | D13: Hazardous | E13: Zara Comet | F13: 4 | G13: 33 | H13: 88 | I13: 126 | J13: 214 | K13: 9.8 | L13: 4.1 | M13: Yes | N13: =IF(L13<3.5,"Review","OK") -> OK
A14: ORB-012 | B14: 45346 | C14: Solar Circuit | D14: Oversized | E14: Bip-9000 | F14: 3.8 | G14: 30 | H14: 80 | I14: 84 | J14: 164 | K14: 8.7 | L14: 4.9 | M14: Yes | N14: =IF(L14<3.5,"Review","OK") -> OK
... A77: ORB-075 | B77: 45562 | C77: Red Dwarf Run | D77: Hazardous | E77: Zara Comet | F77: 5.3 | G77: 49 | H77: 112 | I77: 139 | J77: 251 | K77: 14.3 | L77: 3.9 | M77: Yes | N77: =IF(L77<3.5,"Review","OK") -> OK

Sheet Calculations
A1: Orbit Express — Summary Calculations (COMPLETED)
A2: Formulas completed. Check that your values match the ones shown here.
A4: SECTION 1 — Summary Statistics
A5: Total Revenue (all orders) | B5: =SUM(Data!J3:J77) -> 25406 | C5: What is the total revenue across all 75 orders?
A6: Order Count | B6: =COUNT(Data!J3:J77) -> 75 | C6: How many orders are in the dataset?
A7: Average Customer Rating | B7: =AVERAGE(Data!L3:L77) -> 3.8426667 | C7: What is the average customer rating?
A8: Minimum Order Revenue | B8: =MIN(Data!J3:J77) -> 90 | C8: What is the lowest revenue earned on one order?
A9: Maximum Order Revenue | B9: =MAX(Data!J3:J77) -> 790 | C9: What is the highest revenue earned on one order?
A11: SECTION 2 — Single-Condition Formulas
A12: Nebula Dash — Order Count | B12: =COUNTIF(Data!C3:C77,"Nebula Dash") -> 21 | C12: How many orders used Nebula Dash?
A13: Nebula Dash — Total Revenue | B13: =SUMIF(Data!C3:C77,"Nebula Dash",Data!J3:J77) -> 9282 | C13: Total revenue from Nebula Dash.
A14: Nebula Dash — Avg Rating | B14: =AVERAGEIF(Data!C3:C77,"Nebula Dash",Data!L3:L77) -> 3.8571429 | C14: Average rating for Nebula Dash.
A15: Express — Order Count | B15: =COUNTIF(Data!D3:D77,"Express") -> 18 | C15: How many Express parcels?
A16: Express — Total Revenue | B16: =SUMIF(Data!D3:D77,"Express",Data!J3:J77) -> 6416 | C16: Total revenue from Express parcels.
A17: Asteroid Express — Avg Rating | B17: =AVERAGEIF(Data!C3:C77,"Asteroid Express",Data!L3:L77) -> 3.6714286 | C17: Avg rating on Asteroid Express.
A19: SECTION 3 — Multi-Condition Formulas
A20: Express + On Time — Count | B20: =COUNTIFS(Data!D3:D77,"Express",Data!M3:M77,"Yes") -> 16 | C20: Express and on time count.
A21: Express + On Time — Revenue | B21: =SUMIFS(Data!J3:J77,Data!D3:D77,"Express",Data!M3:M77,"Yes") -> 5823 | C21: Revenue from on-time Express.
A22: Express + On Time — Avg Rating | B22: =AVERAGEIFS(Data!L3:L77,Data!D3:D77,"Express",Data!M3:M77,"Yes") -> 4.1 | C22: Avg rating for on-time Express.
A23: Nebula Dash + On Time — Count | B23: =COUNTIFS(Data!C3:C77,"Nebula Dash",Data!M3:M77,"Yes") -> 18 | C23: On-time Nebula Dash orders.
A24: Nebula Dash + On Time — Revenue | B24: =SUMIFS(Data!J3:J77,Data!C3:C77,"Nebula Dash",Data!M3:M77,"Yes") -> 8218 | C24: Revenue from on-time Nebula Dash.
A25: Asteroid Express + Late — Count | B25: =COUNTIFS(Data!C3:C77,"Asteroid Express",Data!M3:M77,"No") -> 3 | C25: Late Asteroid Express deliveries.
A27: SECTION 4 — IF Review Flag
A28: ReviewFlag (in Data!N3, copied to N4:N77) | B28: =IF(Data!L3<3.5,"Review","OK") -> OK | C28: Flag any order where CustomerRating < 3.5 as "Review"

Sheet RouteSummary
A1: Route Summary Table
A2: This table summarises key metrics by delivery route. Use it alongside your Pivot Table.
A3: DeliveryRoute | B3: OrderCount | C3: TotalRevenue_credits | D3: AvgRating | E3: OnTimeCount
A4: Nebula Dash | B4: 21 | C4: 9282 | D4: 3.86 | E4: 18
A5: Red Dwarf Run | B5: 18 | C5: 6484 | D5: 3.93 | E5: 16
A6: Blue Giant Loop | B6: 15 | C6: 4751 | D6: 3.92 | E6: 11
A7: Solar Circuit | B7: 14 | C7: 3323 | D7: 3.71 | E7: 10
A8: Asteroid Express | B8: 7 | C8: 1566 | D8: 3.67 | E8: 4

Sheet MonthlySummary
A1: Monthly Order & Revenue Summary
A2: Use this table alongside your Timeline to spot seasonal patterns.
A3: Month | B3: OrderCount | C3: TotalRevenue_credits | D3: AvgRevenue
A4: Jan | B4: 6 | C4: 1560 | D4: 260
A5: Feb | B5: 6 | C5: 1849 | D5: 308
A6: Mar | B6: 6 | C6: 2146 | D6: 358
A7: Apr | B7: 6 | C7: 1259 | D7: 210
A8: May | B8: 6 | C8: 2557 | D8: 426
A9: Jun | B9: 6 | C9: 2154 | D9: 359
A10: Jul | B10: 12 | C10: 4324 | D10: 360
A11: Aug | B11: 14 | C11: 5075 | D11: 362
A12: Sep | B12: 13 | C12: 4482 | D12: 345

Sheet ScatterData
A1: Scatter Chart Data — ParcelWeight_kg vs TotalRevenue_credits
A2: Use this data to build your scatter chart. Select A3:B78, insert a Scatter chart, then add a trendline.
A3: ParcelWeight_kg | B3: TotalRevenue_credits | C3: OrderID | D3: DeliveryRoute | F3: Trendline Summary
A4: 0.6 | B4: 183 | C4: ORB-001 | D4: Red Dwarf Run | F4: Equation (approx.) | G4: y = 11.8x + 188 | H4: Revenue increases ~11.8 credits per kg
A5: 20.6 | B5: 308 | C5: ORB-002 | D5: Red Dwarf Run | F5: R² value (approx.) | G5: 0.76 | H5: Strong positive relationship
A6: 10.8 | B6: 270 | C6: ORB-003 | D6: Red Dwarf Run | F6: Slope interpretation | G6: Positive | H6: Heavier parcels cost more
A7: 3.2 | B7: 257 | C7: ORB-004 | D7: Nebula Dash | F7: Confidence level | G7: Moderate-High | H7: R² of 0.76 indicates a good fit
A8: 3.2 | B8: 198 | C8: ORB-005 | D8: Solar Circuit | F8: Limitation | G8: Not causal | H8: Other factors also affect revenue
A9: 32.6 | B9: 344 | C9: ORB-006 | D9: Solar Circuit
A10: 28 | B10: 267 | C10: ORB-007 | D10: Asteroid Express
A11: 25.3 | B11: 417 | C11: ORB-008 | D11: Nebula Dash
A12: 19.3 | B12: 408 | C12: ORB-009 | D12: Nebula Dash
A13: 44.9 | B13: 379 | C13: ORB-010 | D13: Solar Circuit
A14: 4 | B14: 214 | C14: ORB-011 | D14: Blue Giant Loop
A15: 3.8 | B15: 164 | C15: ORB-012 | D15: Solar Circuit
A16: 33.9 | B16: 615 | C16: ORB-013 | D16: Nebula Dash
A17: 32.2 | B17: 476 | C17: ORB-014 | D17: Red Dwarf Run
A18: 6.9 | B18: 236 | C18: ORB-015 | D18: Nebula Dash
A19: 13.9 | B19: 169 | C19: ORB-016 | D19: Solar Circuit
A20: 13 | B20: 263 | C20: ORB-017 | D20: Blue Giant Loop
... A78: 5.3 | B78: 251 | C78: ORB-075 | D78: Red Dwarf Run

Sheet Dashboard
B2: ORBIT EXPRESS DELIVERY LTD — OPERATIONS DASHBOARD
B3: Jan–Sep 2024 | Data: 01_source_data/sd2_start.xlsx
B5: TOTAL REVENUE | E5: TOTAL ORDERS | H5: AVG RATING | K5: ON-TIME RATE
B6: =SUM(Data!J3:J77) -> 25406 | E6: =COUNT(Data!J3:J77) -> 75 | H6: =AVERAGE(Data!L3:L77) -> 3.8426667 | K6: =IFERROR(COUNTIF(Data!M3:M77,"Yes")/COUNT(Data!M3:M77),0) -> 0
B8: BEST ROUTE: Nebula Dash | MOST REVIEWS NEEDED: Asteroid Express | TOP COURIER: Bip-9000
B10: Revenue by Route | E10: Avg Rating by Courier
B11: Route | C11: Revenue (credits) | E11: Courier | F11: Avg Rating
B12: Nebula Dash | C12: 9282 | E12: Bip-9000 | F12: 4.15
B13: Red Dwarf Run | C13: 6484 | E13: Zara Comet | F13: 3.98
B14: Blue Giant Loop | C14: 4751 | E14: Lyra Stardust | F14: 3.62
B15: Solar Circuit | C15: 3323 | E15: Max Quasar | F15: 3.54
B16: Asteroid Express | C16: 1566
B19: INTERPRETATION: Nebula Dash is the highest-revenue route. Asteroid Express generates the least revenue and has the lowest on-time rate. Bip-9000 has the highest average customer rating. Revenue spikes in Q3 (Jul-Sep 2024). Positive weight-to-revenue relationship confirmed. See ScatterData sheet. Limitation: 9 months of data only.

Sheet Interpretation
A1: Interpretation — What the Data Shows
A3: WHAT THE DATA SHOWS
A4: • | B4: Nebula Dash is the highest-revenue route, generating the most total credits across the dataset.
A5: • | B5: Asteroid Express is the lowest-revenue route, with the fewest orders and lowest average revenue.
A6: • | B6: Orders and revenue are noticeably higher in Q3 (July, August, September 2024) compared to Q1 and Q2.
A7: • | B7: Bip-9000 has the highest average customer rating of all four couriers.
A8: • | B8: Orders with OnTimeDelivery = No consistently have lower CustomerRating values.
A10: WHAT THE DATA SUGGESTS
A11: • | B11: There is a positive relationship between ParcelWeight_kg and TotalRevenue_credits.
A12: • | B12: Heavier parcels tend to generate more revenue. The scatter chart trendline is upward-sloping.
A13: • | B13: Express parcels appear concentrated on the Nebula Dash route, possibly driving its higher revenue.
A14: • | B14: Asteroid Express may be underperforming due to a combination of low route demand and late deliveries.
A16: WHAT THE DATA DOES NOT PROVE
A17: • | B17: The dataset does not prove that weight causes higher revenue. Route pricing and parcel type also affect the total.
A18: • | B18: The dataset does not prove that Q3 growth will continue. Only 9 months of data are available.
A19: • | B19: The dataset does not explain why Asteroid Express has more late deliveries. Distance, weather, or other factors may apply.
A20: • | B20: The dataset does not show customer demographics or repeat purchase behaviour.
A22: RECOMMENDATION
A23: • | B23: Prioritise investment in the Nebula Dash route to grow the highest-revenue channel.
A24: • | B24: Investigate late delivery causes on the Asteroid Express route to protect customer ratings.
A25: • | B25: Consider whether Asteroid Express is worth running at current volumes and revenue levels.
A27: LIMITATION / CONFIDENCE NOTE
A28: • | B28: This analysis is based on 75 orders across 9 months. The sample is small.
A29: • | B29: The R² value of approximately 0.76 suggests weight is a reasonable predictor of revenue, but not perfect.
A30: • | B30: Confidence would increase with a full 12-month dataset, larger sample, and additional customer data.
