Workbook

Sheet Deliveries
A1: Delivery_ID | B1: Delivery_Date | C1: Dragon_Name | D1: Route | E1: Cargo_Category | F1: Cargo_Weight_kg | G1: Flight_Time_Hours | H1: Revenue_GP | I1: Tip_GP | J1: Customer_Rating | K1: On_Time
A2: DD001 | B2: 45739 | C2: Flameheart | D2: Mountain_Pass | E2: Fragile_Items | F2: 4.4 | G2: 1.6 | H2: 547 | I2: 34 | J2: 4 | K2: Y
A3: DD002 | B3: 45661 | C3: Flameheart | D3: Mountain_Pass | E3: Oversized | F3: 84.2 | G3: 6.5 | H3: 558 | I3: 34 | J3: 4 | K3: Y
A4: DD003 | B4: 45693 | C4: Flameheart | D4: Sky_Summit | E4: Luxury_Goods | F4: 12.774477 | G4: 2.4 | H4: 631 | I4: 41 | J4: 5 | K4: Y
A5: DD004 | B5: 45703 | C5: Cinderpuff | D5: Cavern_Run | E5: Fragile_Items | F5: 12.3 | G5: 2.3 | H5: 285 | I5: 34 | J5: 5 | K5: Y
A6: DD005 | B6: 45668 | C6: Cinderpuff | D6: Cavern_Run | E6: Fragile_Items | F6: 9.1 | G6: 1.4 | H6: 238 | I6: 18 | J6: 3 | K6: N
A7: DD006 | B7: 45670 | C7: Mossclaw | D7: Coastal_Hop | E7: Perishables | F7: 24.1 | G7: 2.1 | H7: 145 | I7: 0 | J7: 5 | K7: Y
A8: DD007 | B8: 45747 | C8: Flameheart | D8: Forest_Trail | E8: Standard_Parcels | F8: 22.8 | G8: 2.4 | H8: 247 | I8: 40 | J8: 4 | K8: Y
A9: DD008 | B9: 45699 | C9: Flameheart | D9: Mountain_Pass | E9: Luxury_Goods | F9: 16.5 | G9: 3.3 | H9: 648 | I9: 4 | J9: 5 | K9: Y
A10: DD009 | B10: 45698 | C10: Stonewing | D10: Sky_Summit | E10: Perishables | F10: 31.5 | G10: 2.5 | H10: 325 | I10: 67 | J10: 4 | K10: Y
A11: DD010 | B11: 45732 | C11: Mossclaw | D11: Cavern_Run | E11: Perishables | F11: 15.9 | G11: 1.4 | H11: 285 | I11: 8 | J11: 3 | K11: Y
A12: DD011 | B12: 45664 | C12: Flameheart | D12: Mountain_Pass | E12: Standard_Parcels | F12: 32.3 | G12: 2.6 | H12: 402 | I12: 29 | J12: 5 | K12: Y
A13: DD012 | B13: 45659 | C13: Flameheart | D13: Forest_Trail | E13: Oversized | F13: 97.6 | G13: 7.1 | H13: 384 | I13: 21 | J13: 4 | K13: Y
... A76: DD075 | B76: 45919 | C76: Stonewing | D76: Sky_Summit | E76: Luxury_Goods | F76: 11.8 | G76: 0.5 | H76: 699 | I76: 24 | J76: 5 | K76: Y

Sheet Summary
A1: Summary Data — feeds the Dashboard (Completed)
A3: Total Deliveries | B3: =COUNTA(Deliveries!A2:A76) | C3: =COUNTA(Deliveries!A2:A76)
A4: Total Revenue (GP) | B4: =SUM(Deliveries!H2:H76) | C4: =SUM(Deliveries!H2:H76)
A5: Avg Revenue / Delivery | B5: =AVERAGE(Deliveries!H2:H76) | C5: =AVERAGE(Deliveries!H2:H76)
A6: Mountain_Pass Revenue | B6: =SUMIF(Deliveries!D2:D76,"Mountain_Pass",Deliveries!H2:H76) | C6: =SUMIF(Deliveries!D2:D76,"Mountain_Pass",Deliveries!H2:H76)
A7: Average Customer Rating | B7: =AVERAGE(Deliveries!J2:J76) | C7: =AVERAGE(Deliveries!J2:J76)
A8: Review-flag records | B8: =COUNTIF(Deliveries!J2:J76,"<3") | C8: =COUNTIF(Deliveries!J2:J76,"<3")
A9: On-Time Deliveries | B9: =COUNTIF(Deliveries!K2:K76,"Y") | C9: =COUNTIF(Deliveries!K2:K76,"Y")

Sheet Dashboard
A1: DRAGONFLIGHT DELIVERIES LTD — Performance Dashboard (Completed)
B3: TOTAL DELIVERIES =Summary!C3 | D3: TOTAL REVENUE (GP) =Summary!C4 | F3: AVG REVENUE (GP) =Summary!C5
A7: Pivot Chart: Revenue by Route — Mountain_Pass leads clearly. Cavern_Run is lowest.

Sheet PT_Route_Revenue
A1: Revenue by Route (for Pivot Chart)
A2: Route | B2: Total Revenue (GP) | C2: % of Total
A3: Mountain_Pass | B3: =SUMIF(Deliveries!D:D,A3,Deliveries!H:H) | C3: =B3/SUM($B$3:$B$7)
A4: Sky_Summit | B4: =SUMIF(Deliveries!D:D,A4,Deliveries!H:H) | C4: =B4/SUM($B$3:$B$7)
A5: Forest_Trail | B5: =SUMIF(Deliveries!D:D,A5,Deliveries!H:H) | C5: =B5/SUM($B$3:$B$7)
A6: Coastal_Hop | B6: =SUMIF(Deliveries!D:D,A6,Deliveries!H:H) | C6: =B6/SUM($B$3:$B$7)
A7: Cavern_Run | B7: =SUMIF(Deliveries!D:D,A7,Deliveries!H:H) | C7: =B7/SUM($B$3:$B$7)
A8: TOTAL | B8: =SUM(B3:B7)

Sheet ScatterData
A1: Scatter: Cargo_Weight_kg vs Flight_Time_Hours
A2: Cargo_Weight_kg | B2: Flight_Time_Hours | C2: Notes
A3: =Deliveries!F2 | B3: =Deliveries!G2
A4: =Deliveries!F3 | B4: =Deliveries!G3
A5: =Deliveries!F4 | B5: =Deliveries!G4
A6: =Deliveries!F5 | B6: =Deliveries!G5
A7: =Deliveries!F6 | B7: =Deliveries!G6
A8: =Deliveries!F7 | B8: =Deliveries!G7
A9: =Deliveries!F8 | B9: =Deliveries!G8
A10: =Deliveries!F9 | B10: =Deliveries!G9
A11: =Deliveries!F10 | B11: =Deliveries!G10
A12: =Deliveries!F11 | B12: =Deliveries!G11
A13: =Deliveries!F12 | B13: =Deliveries!G12
A14: =Deliveries!F13 | B14: =Deliveries!G13
... A38: =Deliveries!F37 | B38: =Deliveries!G37
A39: =Deliveries!F38 | B39: =Deliveries!G38 | C39: OUTLIER — DD037: 150kg / 0.5 hrs (check!)
A40: =Deliveries!F39 | B40: =Deliveries!G39
A41: =Deliveries!F40 | B41: =Deliveries!G40
A42: =Deliveries!F41 | B42: =Deliveries!G41
A43: =Deliveries!F42 | B43: =Deliveries!G42
A44: =Deliveries!F43 | B44: =Deliveries!G43
A45: =Deliveries!F44 | B45: =Deliveries!G44
A46: =Deliveries!F45 | B46: =Deliveries!G45
A47: =Deliveries!F46 | B47: =Deliveries!G46
A48: =Deliveries!F47 | B48: =Deliveries!G47
A49: =Deliveries!F48 | B49: =Deliveries!G48
A50: =Deliveries!F49 | B50: =Deliveries!G49
A51: =Deliveries!F50 | B51: =Deliveries!G50
... A77: =Deliveries!F76 | B77: =Deliveries!G76

Sheet Interpretation
A1: Workbook 3 — Completed Interpretation and Findings
A3: What does the data show? | B3: Mountain_Pass generates the highest revenue by a clear margin (approx 8,885 GP — roughly 32% of all revenue). Sky_Summit is second. Cavern_Run is the weakest route. Q3 (Jul–Sep) shows a visible rise in revenue across all routes. Luxury_Goods delivers the highest average revenue per delivery of any cargo category.
A4: What does the data suggest? | B4: There is a positive relationship between cargo weight and flight time, suggesting heavier cargo generally takes longer to deliver. Flameheart makes more deliveries than any other dragon and appears particularly active on Mountain_Pass routes. Revenue peaks in Q3, which may indicate a seasonal pattern.
A5: What does the data NOT prove? | B5: The data does not prove that cargo weight causes longer flight times — other unmeasured factors (weather, terrain, dragon fatigue) will also play a role. The dataset covers only January to September 2025; patterns beyond Q3 are unknown. The outlier DD037 (150 kg, 0.5 hrs) is unexplained from this data alone and should be verified.
A6: Recommendation | B6: Prioritise Mountain_Pass Luxury_Goods deliveries for maximum revenue per trip. Investigate why Cavern_Run underperforms — is it the route difficulty, the cargo types allocated, or something else? Verify delivery record DD037 in the original dispatch logs.
A7: Limitation / confidence issue | B7: A full 12-month dataset would increase confidence in the Q3 seasonal finding. The R-squared result (see below) indicates that cargo weight alone does not fully explain flight time variation. Additional data about weather conditions and route terrain would improve the model.
A8: Trendline equation (y = mx + c) | B8: Your trendline equation will look approximately like: y = 0.06x + 1.00 y = Flight time in hours | x = Cargo weight in kg Slope (m) ≈ 0.06: for each extra kilogram of cargo, flight time increases by roughly 0.06 hours (about 3.6 minutes). Intercept (c) ≈ 1.0: a near-zero-weight delivery would still take about 1 hour. Important: the outlier DD037 (150 kg / 0.5 hrs) pulls the trendline. Your actual equation may look slightly different.
A9: R squared — including the outlier | B9: With the outlier DD037 included: R² ≈ 0.42. This means cargo weight explains about 42% of the variation in flight time when DD037 is included. Without the outlier: R² ≈ 0.67. This means cargo weight explains about 67% of variation when the unusual record is excluded. Conclusion: the relationship between weight and flight time is moderate to strong — but the outlier is significant. This is an important finding worth mentioning in any report.
