Workbook

Sheet DeliveryData
A1: Workbook 3 Start — Dashboard, Trendline and Interpretation. Your Pivot Tables from Workbook 2 are ready.
A2: DeliveryID | B2: DeliveryDate | C2: DragonRider | D2: Route | E2: PackageType | F2: DistanceKm | G2: DeliveryTimeHrs | H2: RevenueGP | I2: CustomerRating | J2: DeliveryStatus | K2: ReviewFlag
A3: FE-001 | B3: 45665 | C3: Hotfoot Hana | D3: Northern Peaks | E3: Express | F3: 380 | G3: 14 | H3: 410 | I3: 5 | J3: Delivered | K3: =IF(H3<150,"Review","OK")
A4: FE-002 | B4: 45671 | C4: Brimstone Bill | D4: Misty Vale | E4: Standard | F4: 120 | G4: 8 | H4: 185 | I4: 4 | J4: Delivered | K4: =IF(H4<150,"Review","OK")
A5: FE-003 | B5: 45676 | C5: Puff McGuffin | D5: Crystal Coast | E5: Standard | F5: 80 | G5: 10 | H5: 115 | I5: 2 | J5: Delayed | K5: =IF(H5<150,"Review","OK")
A6: FE-004 | B6: 45680 | C6: Scorch the Magnificent | D6: Ironforge Pass | E6: Fragile | F6: 200 | G6: 12 | H6: 260 | I6: 4 | J6: Delivered | K6: =IF(H6<150,"Review","OK")
A7: FE-005 | B7: 45686 | C7: Cinderella Vex | D7: Sunken Swamp | E7: Oversized | F7: 290 | G7: 20 | H7: 350 | I7: 3 | J7: Delivered | K7: =IF(H7<150,"Review","OK")
A8: FE-006 | B8: 45693 | C8: Hotfoot Hana | D8: Ironforge Pass | E8: Express | F8: 420 | G8: 15 | H8: 445 | I8: 5 | J8: Delivered | K8: =IF(H8<150,"Review","OK")
A9: FE-007 | B9: 45699 | C9: Puff McGuffin | D9: Crystal Coast | E9: Standard | F9: 60 | G9: 9 | H9: 98 | I9: 2 | J9: Delayed | K9: =IF(H9<150,"Review","OK")
A10: FE-008 | B10: 45704 | C10: Brimstone Bill | D10: Northern Peaks | E10: Oversized | F10: 340 | G10: 18 | H10: 390 | I10: 4 | J10: Delivered | K10: =IF(H10<150,"Review","OK")
A11: FE-009 | B11: 45708 | C11: Cinderella Vex | D11: Misty Vale | E11: Fragile | F11: 150 | G11: 10 | H11: 230 | I11: 5 | J11: Delivered | K11: =IF(H11<150,"Review","OK")
A12: FE-010 | B12: 45714 | C12: Scorch the Magnificent | D12: Sunken Swamp | E12: Standard | F12: 170 | G12: 13 | H12: 220 | I12: 3 | J12: Delivered | K12: =IF(H12<150,"Review","OK")
A13: FE-011 | B13: 45720 | C13: Hotfoot Hana | D13: Crystal Coast | E13: Express | F13: 310 | G13: 12 | H13: 360 | I13: 5 | J13: Delivered | K13: =IF(H13<150,"Review","OK")
A14: FE-012 | B14: 45726 | C14: Brimstone Bill | D14: Ironforge Pass | E14: Standard | F14: 190 | G14: 11 | H14: 245 | I14: 3 | J14: Delivered | K14: =IF(H14<150,"Review","OK")
... A77: FE-075 | B77: 46019 | C77: Cinderella Vex | D77: Northern Peaks | E77: Express | F77: 420 | G77: 15 | H77: 468 | I77: 5 | J77: Delivered | K77: =IF(H77<150,"Review","OK")

Sheet RiderSummary
A1: Revenue Summary by Rider — feeds the Dashboard
A2: DragonRider | B2: TotalRevenue | C2: DeliveryCount | D2: AvgRevenue
A3: Brimstone Bill | B3: =SUMIF(DeliveryData!C3:C77,A3,DeliveryData!H3:H77) | C3: =COUNTIF(DeliveryData!C3:C77,A3) | D3: =IFERROR(B3/C3,0)
A4: Cinderella Vex | B4: =SUMIF(DeliveryData!C3:C77,A4,DeliveryData!H3:H77) | C4: =COUNTIF(DeliveryData!C3:C77,A4) | D4: =IFERROR(B4/C4,0)
A5: Hotfoot Hana | B5: =SUMIF(DeliveryData!C3:C77,A5,DeliveryData!H3:H77) | C5: =COUNTIF(DeliveryData!C3:C77,A5) | D5: =IFERROR(B5/C5,0)
A6: Puff McGuffin | B6: =SUMIF(DeliveryData!C3:C77,A6,DeliveryData!H3:H77) | C6: =COUNTIF(DeliveryData!C3:C77,A6) | D6: =IFERROR(B6/C6,0)
A7: Scorch the Magnificent | B7: =SUMIF(DeliveryData!C3:C77,A7,DeliveryData!H3:H77) | C7: =COUNTIF(DeliveryData!C3:C77,A7) | D7: =IFERROR(B7/C7,0)
A8: TOTAL | B8: =SUM(B3:B7) | C8: =SUM(C3:C7) | D8: =IFERROR(B8/C8,0)

Sheet ScatterData
A1: Distance vs Revenue — data for scatter chart and trendline
A2: DeliveryID | B2: DistanceKm | C2: RevenueGP
A3: FE-001 | B3: 380 | C3: 410
A4: FE-002 | B4: 120 | C4: 185
A5: FE-003 | B5: 80 | C5: 115
A6: FE-004 | B6: 200 | C6: 260
A7: FE-005 | B7: 290 | C7: 350
A8: FE-006 | B8: 420 | C8: 445
A9: FE-007 | B9: 60 | C9: 98
A10: FE-008 | B10: 340 | C10: 390
A11: FE-009 | B11: 150 | C11: 230
A12: FE-010 | B12: 170 | C12: 220
A13: FE-011 | B13: 310 | C13: 360
A14: FE-012 | B14: 190 | C14: 245
... A77: FE-075 | B77: 420 | C77: 468

Sheet Dashboard
A1: DASHBOARD — Build your summary cards, charts, slicer and timeline here.
A3: Follow the step-by-step instructions in workbook3_dashboard_trendline_interpretation.docx
