Workbook

Sheet Deliveries
A1: HEXPRESS DELIVERY CO. — Delivery Records (Jan–Jun 2026)
A2: Cleaned and treated dataset — ready for analysis
A4: DeliveryID | B4: DeliveryDate | C4: DragonName | D4: DeliveryZone | E4: PackageType | F4: DistanceKm | G4: DeliveryTimeMin | H4: PackageWeightKg | I4: CustomerScore | J4: RevenueGBP | K4: ReviewFlag
A5: HX001 | B5: 46027 | C5: Scorchwing | D5: North | E5: Standard | F5: 123.5 | G5: 84 | H5: 4.4 | I5: 8.2 | J5: 17.35 | K5: =IF(I5<6,"Review","OK")
A6: HX002 | B6: 46030 | C6: Frostclaw | D6: South | E6: Express | F6: 75.4 | G6: 130 | H6: 2 | I6: 6 | J6: 21.31 | K6: =IF(I6<6,"Review","OK")
A7: HX003 | B7: 46033 | C7: Embermaw | D7: East | E7: Standard | F7: 50.3 | G7: 46 | H7: 9.3 | I7: 6.9 | J7: 10.03 | K7: =IF(I7<6,"Review","OK")
A8: HX004 | B8: 46036 | C8: Thornscale | D8: West | E8: Fragile | F8: 21.3 | G8: 30 | H8: 10 | I8: 6.4 | J8: 10.56 | K8: =IF(I8<6,"Review","OK")
A9: HX005 | B9: 46038 | C9: Scorchwing | D9: Central | E9: Standard | F9: 9.2 | G9: 15 | H9: 0.6 | I9: 9.2 | J9: 5.92 | K9: =IF(I9<6,"Review","OK")
A10: HX006 | B10: 46041 | C10: Embermaw | D10: North | E10: Express | F10: 134.8 | G10: 135 | H10: 3.2 | I10: 7.2 | J10: 30.22 | K10: =IF(I10<6,"Review","OK")
A11: HX007 | B11: 46043 | C11: Frostclaw | D11: East | E11: Standard | F11: 75.9 | G11: 117 | H11: 2.2 | I11: 4.4 | J11: 12.59 | K11: =IF(I11<6,"Review","OK")
A12: HX008 | B12: 46046 | C12: Thornscale | D12: South | E12: Standard | F12: 80.7 | G12: 96 | H12: 13.3 | I12: 7.1 | J12: 13.07 | K12: =IF(I12<6,"Review","OK")
A13: HX009 | B13: 46049 | C13: Scorchwing | D13: West | E13: Fragile | F13: 45.7 | G13: 48 | H13: 10.2 | I13: 8 | J13: 13.48 | K13: =IF(I13<6,"Review","OK")
A14: HX010 | B14: 46052 | C14: Embermaw | D14: Central | E14: Express | F14: 20.8 | G14: 29 | H14: 10.6 | I14: 8.2 | J14: 13.12 | K14: =IF(I14<6,"Review","OK")
A15: HX011 | B15: 46055 | C15: Thornscale | D15: North | E15: Standard | F15: 127.9 | G15: 120 | H15: 5.6 | I15: 6 | J15: 17.79 | K15: =IF(I15<6,"Review","OK")
A16: HX012 | B16: 46058 | C16: Scorchwing | D16: East | E16: Standard | F16: 33.8 | G16: 30 | H16: 5.4 | I16: 7.8 | J16: 8.38 | K16: =IF(I16<6,"Review","OK")
... A79: HX075 | B79: 46202 | C79: Embermaw | D79: West | E79: Standard | F79: 40.5 | G79: 38 | H79: 16 | I79: 6.7 | J79: 9.05 | K79: =IF(I79<6,"Review","OK")

Sheet Analysis
A1: HEXPRESS DELIVERY CO. — Analysis Sheet — Workbook 1
A2: Open: 02_workbook_data/workbook1_start.xlsx | Save completed work to: 02_workbook_data/workbook1_complete.xlsx
A4: SECTION 1 — SUMMARY STATISTICS
A5: Enter the formula shown in column B into column C on this sheet. Data is on the Deliveries sheet, rows 5 to 79.
A7: Calculation | B7: Formula (type this in col C) | C7: Result
A8: Total deliveries | B8: =COUNTA(Deliveries!A5:A79) | C8: 75
A9: Total revenue (£) | B9: =SUM(Deliveries!J5:J79) | C9: 1072.4
A10: Average customer score | B10: =AVERAGE(Deliveries!I5:I79) | C10: 6.91
A11: Minimum delivery time (min) | B11: =MIN(Deliveries!G5:G79) | C11: 15
A12: Maximum delivery time (min) | B12: =MAX(Deliveries!G5:G79) | C12: 189
A14: SECTION 2 — SINGLE CONDITION FORMULAS (COUNTIF / SUMIF / AVERAGEIF)
A15: These formulas answer one-condition questions. Enter each formula in column C.
A17: Calculation | B17: Formula (type this in col C) | C17: Result
A18: Count — Scorchwing deliveries | B18: =COUNTIF(Deliveries!C5:C79,"Scorchwing") | C18: 22
A19: Count — North zone deliveries | B19: =COUNTIF(Deliveries!D5:D79,"North") | C19: 17
A20: Total revenue — North zone | B20: =SUMIF(Deliveries!D5:D79,"North",Deliveries!J5:J79) | C20: 337
A21: Average score — Express packages | B21: =AVERAGEIF(Deliveries!E5:E79,"Express",Deliveries!I5:I79) | C21: 7.11
A23: SECTION 3 — MULTI-CONDITION FORMULAS (COUNTIFS / SUMIFS / AVERAGEIFS)
A24: These formulas answer two-or-more-condition questions. Enter each formula in column C.
A26: Calculation | B26: Formula (type this in col C) | C26: Result
A27: Count — Express deliveries in North zone | B27: =COUNTIFS(Deliveries!E5:E79,"Express",Deliveries!D5:D79,"North") | C27: 5
A28: Total revenue — Scorchwing + Express | B28: =SUMIFS(Deliveries!J5:J79,Deliveries!C5:C79,"Scorchwing",Deliveries!E5:E79,"Express") | C28: 100.95
A29: Average score — Frostclaw + Standard | B29: =AVERAGEIFS(Deliveries!I5:I79,Deliveries!C5:C79,"Frostclaw",Deliveries!E5:E79,"Standard") | C29: 4.73
A31: SECTION 4 — REVIEW FLAG (IF formula in the Deliveries sheet)
A32: Step 1: | B32: Go to the Deliveries sheet. Click cell K4. Type the header: ReviewFlag
A33: Step 2: | B33: Click cell K5. Type the formula: =IF(I5<6,"Review","OK") — then press Enter.
A34: Step 3: | B34: Click K5 again. Copy the formula down to K79 (select K5:K79, then Ctrl+D).
A35: Check: | B35: Frostclaw rows should mostly show Review. Scorchwing rows should mostly show OK.
